Variable,MAPE_Test,R2_Test
Demanda_Total_MBTUD,3.5215992480516434,0.7284821271896362
HenryHub_USD_MMBtu,8.875520294994633,0.13589177059255175
TTF_USD_MMBtu,2.18823084528202,0.9802360416239931
